<beans xmlns="http://www.springframework.org/schema/beans"
	xmlns:xsi="http://www.w3.org/2001/XMLSchema-instance" xmlns:context="http://www.springframework.org/schema/context"
	xsi:schemaLocation="http://www.springframework.org/schema/beans
     http://www.springframework.org/schema/beans/spring-beans-3.0.xsd
     http://www.springframework.org/schema/context
     http://www.springframework.org/schema/context/spring-context-3.0.xsd">
	
<bean id="sbu" class="com.cg.spring.lab1_3.SBU" autowire="byName">
	<property name="sbuID" value="10"></property>
	<property name="sbuName" value="Product Engineering Services"></property>
	<property name="sbuHead" value="Kiran Rao"></property>
	 <property name="employees">
		<list>
			<ref bean="employee1"></ref>
			<ref bean="employee2"></ref>
		</list>
	</property>  
</bean>

<bean id="employee1" class="com.cg.spring.lab1_3.Employee">
	
	<property name="empId" value="12345"></property>
	<property name="empName" value="Harriet"></property>
	<property name="empSalary" value="40000.0"></property>
	<property name="age" value="30"></property>
</bean>
<bean id="employee2" class="com.cg.spring.lab1_3.Employee">
	
	<property name="empId" value="12355"></property>
	<property name="empName" value="John"></property>
	<property name="empSalary" value="80000.0"></property>
	<property name="age" value="40"></property>
</bean>
</beans>